englisch,englisch_uk,deutsch,beispiel,notizen
Thanks for the update.,Thanks for the update.,Danke für das Update.,Thanks for the update. That really helps us move forward.,
Could we possibly share the files tomorrow?,Could we possibly share the files tomorrow?,Könnten wir die Dateien eventuell morgen teilen?,Could we possibly share the files tomorrow so we can start early?,
That would really help us start on Friday.,That would really help us start on Friday.,"Das würde uns sehr helfen, am Freitag zu starten.",That would really help us start on Friday and keep the timeline.,
Two quick points and a proposal.,Two quick points and a proposal.,Zwei kurze Punkte und ein Vorschlag.,Two quick points and a proposal before we continue.,
"So, just to recap …","So, just to recap …","Also, um es zusammenzufassen …","So, just to recap, here’s where we stand.",
Let’s park this for later.,Let’s park this for later.,Lassen wir das für später.,Let’s park this for later and stay on the main topic.,
Would it be feasible to …?,Would it be feasible to …?,"Wäre es machbar, …?",Would it be feasible to finish this by Tuesday?,
Would you mind sharing your thoughts?,Would you mind sharing your thoughts?,Würden Sie Ihre Gedanken dazu teilen?,Would you mind sharing your thoughts before we decide?,
That might be tricky.,That might be tricky.,Das könnte schwierig werden.,That might be tricky with the current resources.,
We might want to revisit that.,We might want to revisit that.,Das sollten wir uns vielleicht noch einmal ansehen.,We might want to revisit that once we have more data.,
Could we take a step back for a second?,Could we take a step back for a second?,Könnten wir kurz einen Schritt zurückgehen?,Could we take a step back for a second and clarify the goal?,
I just wanted to double-check …,I just wanted to double-check …,Ich wollte nur kurz nachfragen …,I just wanted to double-check if we’re using the final version.,
If I may add something …,If I may add something …,Wenn ich etwas hinzufügen darf …,"If I may add something, there’s another detail to consider.",
Would it make sense to …?,Would it make sense to …?,"Würde es Sinn machen, …?",Would it make sense to run a quick test first?,
That sounds reasonable to me.,That sounds reasonable to me.,Das klingt für mich vernünftig.,That sounds reasonable to me. Let’s go with that.,
I completely see your point.,I completely see your point.,Ich verstehe Ihren Punkt vollkommen.,I completely see your point and why it matters.,
That’s a fair point.,That’s a fair point.,Das ist ein berechtigter Punkt.,That’s a fair point. Let’s keep it in mind.,
We’re getting slightly off track.,We’re getting slightly off track.,Wir schweifen ein wenig ab.,We’re getting slightly off track. Let’s refocus.,
Could we come back to that later?,Could we come back to that later?,Könnten wir später darauf zurückkommen?,Could we come back to that later and move on for now?,
Let’s move to the next item.,Let’s move to the next item.,Lassen Sie uns zum nächsten Punkt übergehen.,Let’s move to the next item on the agenda.,
Just to clarify …,Just to clarify …,Nur um es klarzustellen …,"Just to clarify, do we all have the same file?",
If I understood you correctly …,If I understood you correctly …,Wenn ich Sie richtig verstanden habe …,"If I understood you correctly, the deadline is fixed.",
It might be worth considering …,It might be worth considering …,Es wäre vielleicht überlegenswert …,It might be worth considering a simpler approach.,
That’s an interesting perspective.,That’s an interesting perspective.,Das ist eine interessante Sichtweise.,That’s an interesting perspective. I hadn’t thought of it that way.,
I’ll take that on board.,I’ll take that on board.,Ich nehme das auf.,I’ll take that on board and adjust the plan.,
Let’s agree to disagree.,Let’s agree to disagree.,"Lassen Sie uns akzeptieren, dass wir uneins sind.",Let’s agree to disagree and move forward.,
We’re aligned on that.,We’re aligned on that.,Da sind wir uns einig.,"We’re aligned on that, so we can proceed.",
I see where you’re coming from.,I see where you’re coming from.,"Ich verstehe, wie Sie das meinen.","I see where you’re coming from, even if I see it differently.",
Could you elaborate on that?,Could you elaborate on that?,Könnten Sie das näher erläutern?,Could you elaborate on that so everyone understands it?,
Would you say that’s a priority?,Would you say that’s a priority?,"Würden Sie sagen, das hat Priorität?",Would you say that’s a priority for this week?,
I’d suggest we keep it short.,I’d suggest we keep it short.,"Ich würde vorschlagen, wir halten es kurz.",I’d suggest we keep it short so we can finish on time.,
Let’s stick to the main topic.,Let’s stick to the main topic.,Lassen Sie uns beim Hauptthema bleiben.,Let’s stick to the main topic for a moment.,
Just to manage expectations …,Just to manage expectations …,Nur um die Erwartungen zu steuern …,"Just to manage expectations, this might take longer.",
That’s not entirely clear to me.,That’s not entirely clear to me.,Das ist mir nicht ganz klar.,That’s not entirely clear to me. Could you explain?,
Could you perhaps rephrase that?,Could you perhaps rephrase that?,Könnten Sie das vielleicht umformulieren?,Could you perhaps rephrase that in simpler terms?,
That might not be ideal right now.,That might not be ideal right now.,Das ist im Moment vielleicht nicht ideal.,"That might not be ideal right now, given our workload.",
Let’s take this offline.,Let’s take this offline.,Lassen Sie uns das außerhalb der Runde besprechen.,Let’s take this offline and continue after the meeting.,
"Thanks, that’s helpful.","Thanks, that’s helpful.","Danke, das ist hilfreich.","Thanks, that’s helpful. I’ll update the document.",
Let me quickly check my notes.,Let me quickly check my notes.,Ich sehe kurz in meinen Notizen nach.,Let me quickly check my notes before I answer.,
I appreciate your patience.,I appreciate your patience.,Ich schätze Ihre Geduld.,I appreciate your patience while we sort this out.,
That’s very kind of you.,That’s very kind of you.,Das ist sehr freundlich von Ihnen.,That’s very kind of you. Thank you.,
I’m afraid that won’t work.,I’m afraid that won’t work.,"Ich befürchte, das wird nicht funktionieren.",I’m afraid that won’t work with our current schedule.,
That’s a valid concern.,That’s a valid concern.,Das ist ein berechtigtes Anliegen.,That’s a valid concern and we should address it.,
Could we postpone this to next week?,Could we postpone this to next week?,Könnten wir das auf nächste Woche verschieben?,Could we postpone this to next week when the team is back?,
Let’s see what we can do.,Let’s see what we can do.,"Schauen wir, was wir tun können.",Let’s see what we can do to make this possible.,
I’m not entirely sure about that.,I’m not entirely sure about that.,Ich bin mir da nicht ganz sicher.,I’m not entirely sure about that. Maybe we need more info.,
That’s definitely worth exploring.,That’s definitely worth exploring.,Das ist auf jeden Fall einen Blick wert.,That’s definitely worth exploring in more detail.,
Let’s keep that in mind.,Let’s keep that in mind.,Lassen Sie uns das im Hinterkopf behalten.,Let’s keep that in mind for the next round of updates.,
We’ll come back to that later.,We’ll come back to that later.,Wir kommen später darauf zurück.,We’ll come back to that later once priorities are clear.,
That’s something we can look into.,That’s something we can look into.,Das können wir uns näher ansehen.,That’s something we can look into next week.,
Does that sound reasonable?,Does that sound reasonable?,Klingt das vernünftig?,Does that sound reasonable to everyone?,
Would that work for everyone?,Would that work for everyone?,Wäre das für alle in Ordnung?,Would that work for everyone here?,
I think we’re broadly in agreement.,I think we’re broadly in agreement.,"Ich denke, wir sind uns im Großen und Ganzen einig.",I think we’re broadly in agreement on this.,
That’s a constructive suggestion.,That’s a constructive suggestion.,Das ist ein konstruktiver Vorschlag.,That’s a constructive suggestion. Thanks for bringing it up.,
I’ll make a note of that.,I’ll make a note of that.,Ich notiere das.,I’ll make a note of that for the summary.,
Could you send me the details afterwards?,Could you send me the details afterwards?,Könnten Sie mir die Details anschließend schicken?,Could you send me the details afterwards so I can follow up?,
I’d appreciate your feedback on this.,I’d appreciate your feedback on this.,Ich würde Ihr Feedback dazu schätzen.,I’d appreciate your feedback on this before we finalize it.,
Let’s aim to finalize this by Friday.,Let’s aim to finalise this by Friday.,"Ziel ist es, das bis Freitag abzuschließen.",Let’s aim to finalize this by Friday if possible.,
